{
  "total_configurations": 6,
  "average_total_time": 3.2420076926549277,
  "average_memory_usage": 0.0,
  "time_scaling_exponent": 0.6586126992408209,
  "primary_bottleneck": "linear_solve",
  "secondary_bottleneck": "property_inference",
  "best_performing_basis": "fourier",
  "bottleneck_percentages": {
    "time_linear_solve": 94.73862914680777,
    "time_property_inference": 4.678980783535893,
    "time_data_generation": 0.5502939232563189,
    "time_noise_setup": 0.022446212408265238,
    "time_forward_operator": 0.006087918966843489
  },
  "section_timing_breakdown": {
    "time_space_creation": 0.0011010979319688728,
    "time_model_creation": 0.00011893819532403192,
    "time_forward_operator": 0.006087918966843489,
    "time_target_operator": 0.001066765257029977,
    "time_data_generation": 0.5502939232563189,
    "time_noise_setup": 0.022446212408265238,
    "time_gram_matrix": 0.00013487836583137637,
    "time_linear_solve": 94.73862914680777,
    "time_sola_construction": 0.00021825771925440906,
    "time_property_inference": 4.678980783535893,
    "time_accuracy_computation": 0.0009220775555017731
  }
}