{
  "snr": 10.0,
  "noise_std": 0.10098413535602901,
  "model_rms_error": 0.18890550041557286,
  "model_relative_error": 0.3059124990787083,
  "property_mean_abs_error": 0.08310241494024014,
  "property_rms_error": 0.10514858781706571,
  "property_max_error": 0.2475255078679559,
  "properties_within_2sigma": 20,
  "properties_within_2sigma_pct": 100.0,
  "data_misfit_posterior": 0.4798273439000204,
  "data_misfit_prior": 1.5986260961790317,
  "data_fit_improvement_pct": 69.98501744423645
}