{
  "snr": 10.0,
  "noise_std": 0.10098413535602901,
  "model_rms_error": 0.4138463056029605,
  "model_relative_error": 0.670180366918823,
  "property_mean_abs_error": 0.19107777809970783,
  "property_rms_error": 0.2962839919750089,
  "property_max_error": 0.8244031610667637,
  "properties_within_2sigma": 20,
  "properties_within_2sigma_pct": 100.0,
  "data_misfit_posterior": 0.3816552205218356,
  "data_misfit_prior": 1.5986260961790317,
  "data_fit_improvement_pct": 76.12604839655428
}