{
  "snr": 10.0,
  "noise_std": 0.10098413535602901,
  "model_rms_error": 0.20307812467423839,
  "model_relative_error": 0.3288635666544753,
  "property_mean_abs_error": 0.09793002555786452,
  "property_rms_error": 0.1356842247160544,
  "property_max_error": 0.3421862350310825,
  "properties_within_2sigma": 20,
  "properties_within_2sigma_pct": 100.0,
  "data_misfit_posterior": 0.4884992092628559,
  "data_misfit_prior": 1.5986260961790317,
  "data_fit_improvement_pct": 69.44256005638553
}