{
  "setup_spaces": 5.245208740234375e-06,
  "create_operators": 0.00010800361633300781,
  "generate_data": 0.03859710693359375,
  "setup_prior": 0.00017571449279785156,
  "model_posterior_compute": 6.548404216766357,
  "property_mapping": 0.049201011657714844,
  "property_covariance_extract": 4.62531042098999,
  "inference_total": 11.222936868667603,
  "total": 13.85612154006958
}