{
  "snr": 5.0,
  "noise_std": 0.20196827071205803,
  "model_rms_error": 0.23922610609189318,
  "model_relative_error": 0.3874014033389485,
  "property_mean_abs_error": 0.1263597734332511,
  "property_rms_error": 0.15878551387462814,
  "property_max_error": 0.3384222760836768,
  "properties_within_2sigma": 20,
  "properties_within_2sigma_pct": 100.0,
  "data_misfit_posterior": 1.1022978414178626,
  "data_misfit_prior": 1.9511042608673992,
  "data_fit_improvement_pct": 43.503898611352746
}