{
  "setup_spaces": 0.00010132789611816406,
  "create_operators": 0.00034165382385253906,
  "generate_data": 0.0424959659576416,
  "setup_prior": 0.0009944438934326172,
  "model_posterior_compute": 2.549612522125244,
  "property_mapping": 0.03130602836608887,
  "property_covariance_extract": 4.832375526428223,
  "inference_total": 7.413355827331543,
  "total": 11.344271898269653
}