{
  "snr": 10.0,
  "noise_std": 0.10924439116284056,
  "model_rms_error": 0.1462886930026462,
  "model_relative_error": 0.23689908215985567,
  "property_mean_abs_error": 0.06616268396011353,
  "property_rms_error": 0.07829252716501862,
  "property_max_error": 0.14721347673858856,
  "properties_within_2sigma": 20,
  "properties_within_2sigma_pct": 100.0,
  "data_misfit_posterior": 0.8162050754567198,
  "data_misfit_prior": 2.126931328317275,
  "data_fit_improvement_pct": 61.62522670149103
}