{
  "snr": 10.0,
  "noise_std": 0.10098413535602901,
  "model_rms_error": 0.5306386660913106,
  "model_relative_error": 0.8593132550120446,
  "property_mean_abs_error": 0.24187061893328746,
  "property_rms_error": 0.35430638116435176,
  "property_max_error": 0.9745742979676426,
  "properties_within_2sigma": 20,
  "properties_within_2sigma_pct": 100.0,
  "data_misfit_posterior": 0.3404263151420663,
  "data_misfit_prior": 1.5986260961790317,
  "data_fit_improvement_pct": 78.705069562186
}