{
  "setup_spaces": 8.344650268554688e-06,
  "create_operators": 0.00010704994201660156,
  "generate_data": 0.019221782684326172,
  "setup_prior": 0.00013303756713867188,
  "model_posterior_compute": 0.9347314834594727,
  "property_mapping": 0.02804088592529297,
  "property_covariance_extract": 0.648388147354126,
  "inference_total": 1.6111903190612793,
  "total": 3.6299538612365723
}