{
  "snr": 10.0,
  "noise_std": 0.10098413535602901,
  "model_rms_error": 0.9027586921720169,
  "model_relative_error": 1.461922320842076,
  "property_mean_abs_error": 0.2606641088457203,
  "property_rms_error": 0.34606295744204757,
  "property_max_error": 0.8866424235663297,
  "properties_within_2sigma": 20,
  "properties_within_2sigma_pct": 100.0,
  "data_misfit_posterior": 0.2430269675515807,
  "data_misfit_prior": 1.5986260961790317,
  "data_fit_improvement_pct": 84.79776051870707
}