{
  "setup_spaces": 3.9577484130859375e-05,
  "create_operators": 0.0003008842468261719,
  "generate_data": 0.019836902618408203,
  "setup_prior": 0.0009753704071044922,
  "model_posterior_compute": 1.7815148830413818,
  "property_mapping": 0.05663490295410156,
  "property_covariance_extract": 5.1252281665802,
  "inference_total": 6.9634740352630615,
  "total": 11.052243947982788
}