{
  "snr": 10.0,
  "noise_std": 0.04996236800612683,
  "model_rms_error": 0.15559972141787018,
  "model_relative_error": 0.25197730891994435,
  "property_mean_abs_error": 0.08493222232095274,
  "property_rms_error": 0.1104354288690109,
  "property_max_error": 0.24036607869034654,
  "properties_within_2sigma": 20,
  "properties_within_2sigma_pct": 100.0,
  "data_misfit_posterior": 0.12398246050216383,
  "data_misfit_prior": 1.0708732632572224,
  "data_fit_improvement_pct": 88.42230310942189
}