{
  "setup_spaces": 6.198883056640625e-06,
  "create_operators": 0.00011682510375976562,
  "generate_data": 0.019701719284057617,
  "setup_prior": 0.00014352798461914062,
  "model_posterior_compute": 1.0025429725646973,
  "property_mapping": 0.02811288833618164,
  "property_covariance_extract": 0.6289186477661133,
  "inference_total": 1.6595990657806396,
  "total": 3.7733993530273438
}