{
  "snr": 10.0,
  "noise_std": 0.10098413535602901,
  "model_rms_error": 0.17542831409799492,
  "model_relative_error": 0.28408761977191305,
  "property_mean_abs_error": 0.08703080581884011,
  "property_rms_error": 0.10974387740141438,
  "property_max_error": 0.22156077817713093,
  "properties_within_2sigma": 19,
  "properties_within_2sigma_pct": 95.0,
  "data_misfit_posterior": 0.641689073367922,
  "data_misfit_prior": 1.789144078553499,
  "data_fit_improvement_pct": 64.13429856992178
}