{
  "snr": 10.0,
  "noise_std": 0.10098413535602901,
  "model_rms_error": 0.18129434573249198,
  "model_relative_error": 0.29358703822736326,
  "property_mean_abs_error": 0.07939379205844163,
  "property_rms_error": 0.10068274769973944,
  "property_max_error": 0.2306010993956844,
  "properties_within_2sigma": 20,
  "properties_within_2sigma_pct": 100.0,
  "data_misfit_posterior": 0.4733297543008997,
  "data_misfit_prior": 1.5986260961790317,
  "data_fit_improvement_pct": 70.39146580728087
}