{
  "snr": 10.0,
  "noise_std": 0.10098413535602901,
  "model_rms_error": 0.5150584508249816,
  "model_relative_error": 0.8340827425186453,
  "property_mean_abs_error": 0.23111401251130553,
  "property_rms_error": 0.33344175809783744,
  "property_max_error": 0.9187996231224247,
  "properties_within_2sigma": 20,
  "properties_within_2sigma_pct": 100.0,
  "data_misfit_posterior": 0.34123283927715603,
  "data_misfit_prior": 1.5986260961790317,
  "data_fit_improvement_pct": 78.65461848191042
}