{
  "snr": 10.0,
  "noise_std": 0.10098413535602901,
  "model_rms_error": 0.18172395082084236,
  "model_relative_error": 0.29428273827794454,
  "property_mean_abs_error": 0.07954751959340656,
  "property_rms_error": 0.10086376460361114,
  "property_max_error": 0.23139415571271993,
  "properties_within_2sigma": 20,
  "properties_within_2sigma_pct": 100.0,
  "data_misfit_posterior": 0.47139634394223995,
  "data_misfit_prior": 1.5986260961790315,
  "data_fit_improvement_pct": 70.51240780636876
}