{
  "setup_spaces": 3.6716461181640625e-05,
  "create_operators": 0.0002846717834472656,
  "generate_data": 0.04036092758178711,
  "setup_prior": 0.001424551010131836,
  "model_posterior_compute": 8.543576002120972,
  "property_mapping": 0.11124420166015625,
  "property_covariance_extract": 21.00362277030945,
  "inference_total": 29.658487796783447,
  "total": 34.7924644947052
}