{
  "snr": 10.0,
  "noise_std": 0.10098413535602901,
  "model_rms_error": 0.19242595671131416,
  "model_relative_error": 0.311613506095224,
  "property_mean_abs_error": 0.08116472757334496,
  "property_rms_error": 0.10102217770509178,
  "property_max_error": 0.23060859501250175,
  "properties_within_2sigma": 20,
  "properties_within_2sigma_pct": 100.0,
  "data_misfit_posterior": 0.4752406102799281,
  "data_misfit_prior": 1.5986260961790317,
  "data_fit_improvement_pct": 70.27193466841133
}