{
  "snr": 10.0,
  "noise_std": 0.10098413535602901,
  "model_rms_error": 0.18172520221201688,
  "model_relative_error": 0.2942847647737357,
  "property_mean_abs_error": 0.07954784001384346,
  "property_rms_error": 0.1008638730119156,
  "property_max_error": 0.23139413045282953,
  "properties_within_2sigma": 20,
  "properties_within_2sigma_pct": 100.0,
  "data_misfit_posterior": 0.47139953809113694,
  "data_misfit_prior": 1.5986260961790315,
  "data_fit_improvement_pct": 70.5122080004914
}