{
  "setup_spaces": 4.363059997558594e-05,
  "create_operators": 0.00032711029052734375,
  "generate_data": 0.05121636390686035,
  "setup_prior": 0.0012693405151367188,
  "model_posterior_compute": 4.809111595153809,
  "property_mapping": 0.057280540466308594,
  "property_covariance_extract": 9.868146657943726,
  "inference_total": 14.734624147415161,
  "total": 19.96281886100769
}