{
  "snr": 10.0,
  "noise_std": 0.04996236800612683,
  "model_rms_error": 0.18936574513232696,
  "model_relative_error": 0.306657816770254,
  "property_mean_abs_error": 0.09912937998503694,
  "property_rms_error": 0.1373433951214513,
  "property_max_error": 0.2787564014621954,
  "properties_within_2sigma": 20,
  "properties_within_2sigma_pct": 100.0,
  "data_misfit_posterior": 0.10767938725003606,
  "data_misfit_prior": 0.9162741985162441,
  "data_fit_improvement_pct": 88.24812622417993
}