{
  "setup_spaces": 5.0067901611328125e-06,
  "create_operators": 0.00010275840759277344,
  "generate_data": 0.00716853141784668,
  "setup_prior": 0.00013327598571777344,
  "model_posterior_compute": 0.4146275520324707,
  "property_mapping": 0.02754974365234375,
  "property_covariance_extract": 0.4835035800933838,
  "inference_total": 0.9257032871246338,
  "total": 2.804732322692871
}