{
  "snr": 10.0,
  "noise_std": 0.10098413535602901,
  "model_rms_error": 0.19814683112729145,
  "model_relative_error": 0.32087785777189326,
  "property_mean_abs_error": 0.10305361587222375,
  "property_rms_error": 0.1362526933999538,
  "property_max_error": 0.30217914373981136,
  "properties_within_2sigma": 18,
  "properties_within_2sigma_pct": 90.0,
  "data_misfit_posterior": 0.6467320803403277,
  "data_misfit_prior": 1.789144078553499,
  "data_fit_improvement_pct": 63.85243155692623
}