{
  "snr": 5.0,
  "noise_std": 0.20196827071205803,
  "model_rms_error": 0.23922567934115413,
  "model_relative_error": 0.38740071226121503,
  "property_mean_abs_error": 0.1263598471757501,
  "property_rms_error": 0.15878552667601242,
  "property_max_error": 0.33842226787438534,
  "properties_within_2sigma": 20,
  "properties_within_2sigma_pct": 100.0,
  "data_misfit_posterior": 1.102294425763252,
  "data_misfit_prior": 1.9511042608673992,
  "data_fit_improvement_pct": 43.504073673991826
}