{
  "snr": 10.0,
  "noise_std": 0.10098413535602901,
  "model_rms_error": 0.1742854206584725,
  "model_relative_error": 0.2822368245992165,
  "property_mean_abs_error": 0.08679978146780824,
  "property_rms_error": 0.10953209438322016,
  "property_max_error": 0.22118290467491875,
  "properties_within_2sigma": 19,
  "properties_within_2sigma_pct": 95.0,
  "data_misfit_posterior": 0.6445103206821123,
  "data_misfit_prior": 1.789144078553499,
  "data_fit_improvement_pct": 63.97661158719028
}