{
  "snr": 10.0,
  "noise_std": 0.04996236800612683,
  "model_rms_error": 0.18755148191551815,
  "model_relative_error": 0.30371980917693564,
  "property_mean_abs_error": 0.098533124461077,
  "property_rms_error": 0.13623278819210516,
  "property_max_error": 0.2779236907313002,
  "properties_within_2sigma": 20,
  "properties_within_2sigma_pct": 100.0,
  "data_misfit_posterior": 0.10810870951517136,
  "data_misfit_prior": 0.9162741985162441,
  "data_fit_improvement_pct": 88.20127100705928
}