{
  "snr": 10.0,
  "noise_std": 0.10098413535602901,
  "model_rms_error": 0.18174320802902216,
  "model_relative_error": 0.294313923291968,
  "property_mean_abs_error": 0.07955971728801194,
  "property_rms_error": 0.10087666257940886,
  "property_max_error": 0.2314592229958976,
  "properties_within_2sigma": 20,
  "properties_within_2sigma_pct": 100.0,
  "data_misfit_posterior": 0.4713829858692335,
  "data_misfit_prior": 1.5986260961790317,
  "data_fit_improvement_pct": 70.51324340345043
}