{
  "setup_spaces": 5.4836273193359375e-06,
  "create_operators": 0.00015234947204589844,
  "generate_data": 0.0205533504486084,
  "setup_prior": 0.00014781951904296875,
  "model_posterior_compute": 1.1609535217285156,
  "property_mapping": 0.029644489288330078,
  "property_covariance_extract": 0.6180343627929688,
  "inference_total": 1.8086659908294678,
  "total": 4.856776714324951
}