n_points,total_time,time_integration,time_forward,time_target,time_data,time_gram,time_solve,time_sola,time_inference,memory_delta,memory_ops_delta,integration_error_mean,integration_error_max,integration_error_rms,G_matrix_error,T_matrix_error
100,2.1536865234375,0.0003058910369873047,0.00029754638671875,8.344650268554688e-06,0.019682884216308594,3.814697265625e-06,1.3809583187103271,5.7220458984375e-06,0.07572674751281738,0.0,0.0,0.001157733853717083,0.00466951152533146,0.0017075189950907176,0.0,0.0
200,2.4441261291503906,0.0002238750457763672,0.0002186298370361328,5.245208740234375e-06,0.014398574829101562,3.5762786865234375e-06,1.6385228633880615,5.4836273193359375e-06,0.08911657333374023,0.25390625,0.0,0.00032290405651600254,0.0012603838621734198,0.0004848977227470854,0.0,0.0
500,2.7698938846588135,0.0001971721649169922,0.00019216537475585938,5.0067901611328125e-06,0.016007184982299805,3.0994415283203125e-06,1.9574668407440186,5.0067901611328125e-06,0.10969352722167969,0.04296875,0.0,5.37083175068509e-05,0.0002090563244676602,8.056648434757779e-05,0.0,0.0
1000,3.4830803871154785,0.00019979476928710938,0.00019478797912597656,5.0067901611328125e-06,0.01768326759338379,4.291534423828125e-06,2.6109209060668945,6.4373016357421875e-06,0.15083765983581543,0.0,0.0,1.3459475751168015e-05,5.2359475298136005e-05,2.0187945858574737e-05,0.0,0.0
2000,4.872830390930176,0.00022649765014648438,0.0002200603485107422,6.4373016357421875e-06,0.02231121063232422,3.5762786865234375e-06,3.8944201469421387,6.198883056640625e-06,0.22528529167175293,0.0,0.0,3.3414773708391466e-06,1.2996979568247191e-05,5.011757899541157e-06,0.0,0.0
5000,9.32554841041565,0.0002028942108154297,0.00019741058349609375,5.4836273193359375e-06,0.03487658500671387,3.337860107421875e-06,8.019829750061035,6.67572021484375e-06,0.44576072692871094,0.0,0.0,5.062079358082727e-07,1.9688621328839417e-06,7.592366121512658e-07,0.0,0.0
10000,16.667392015457153,0.00021696090698242188,0.0002110004425048828,5.9604644775390625e-06,0.060720205307006836,3.814697265625e-06,14.786438226699829,5.7220458984375e-06,0.8306050300598145,0.0,0.0,1.0122926668992837e-07,3.937211350280023e-07,1.5182830545418944e-07,0.0,0.0
