n_points,total_time,time_forward,time_target,time_data,time_gram,time_solve,time_sola,time_inference,memory_delta,memory_ops_delta,integration_error_mean,integration_error_max,integration_error_rms
100,0.946793794631958,0.00023436546325683594,9.5367431640625e-06,0.023845195770263672,5.245208740234375e-06,0.8490064144134521,5.9604644775390625e-06,0.07357501983642578,0.0,0.0,0.001157733853717083,0.00466951152533146,0.0017075189950907176
200,0.9598312377929688,0.0002505779266357422,8.106231689453125e-06,0.020385265350341797,4.291534423828125e-06,0.855431079864502,6.67572021484375e-06,0.08365297317504883,0.0,0.0,0.00032290405651600254,0.0012603838621734198,0.0004848977227470854
500,1.0955729484558105,0.00038313865661621094,1.0251998901367188e-05,0.015790462493896484,4.291534423828125e-06,0.9716501235961914,7.152557373046875e-06,0.10766029357910156,0.0,0.0,5.37083175068509e-05,0.0002090563244676602,8.056648434757779e-05
1000,1.3305537700653076,0.0002162456512451172,5.7220458984375e-06,0.01980447769165039,3.337860107421875e-06,1.1677145957946777,6.9141387939453125e-06,0.1427454948425293,0.0,0.0,1.3459475751168015e-05,5.2359475298136005e-05,2.0187945858574737e-05
2000,1.7500207424163818,0.00021314620971679688,5.9604644775390625e-06,0.023158788681030273,5.4836273193359375e-06,1.5155913829803467,7.152557373046875e-06,0.2109832763671875,0.0,0.0,3.3414773708391466e-06,1.2996979568247191e-05,5.011757899541157e-06
5000,2.9881231784820557,0.00020647048950195312,6.198883056640625e-06,0.035329580307006836,3.337860107421875e-06,2.5439610481262207,6.67572021484375e-06,0.4085707664489746,0.0,0.0,5.062079358082727e-07,1.9688621328839417e-06,7.592366121512658e-07
10000,5.068857908248901,0.0002384185791015625,5.9604644775390625e-06,0.059189796447753906,3.5762786865234375e-06,4.268543481826782,6.4373016357421875e-06,0.740811824798584,0.0,0.0,1.0122926668992837e-07,3.937211350280023e-07,1.5182830545418944e-07
