{
  "snr": 10.0,
  "noise_std": 0.013476049015374025,
  "model_rms_error": 0.3603459885147363,
  "model_relative_error": 0.5835422559799803,
  "property_mean_abs_error": 0.24080025510269315,
  "property_rms_error": 0.3250316715766886,
  "property_max_error": 0.7409211270146879,
  "properties_within_2sigma": 20,
  "properties_within_2sigma_pct": 100.0,
  "data_misfit_posterior": 0.011218618497307346,
  "data_misfit_prior": 0.7305468177387624,
  "data_fit_improvement_pct": 98.464353245418
}