{
  "snr": 10.0,
  "noise_std": 0.10098413535602901,
  "model_rms_error": 0.18637127446411242,
  "model_relative_error": 0.3018085879044127,
  "property_mean_abs_error": 0.0794335584535307,
  "property_rms_error": 0.10093104834535074,
  "property_max_error": 0.23544898834836991,
  "properties_within_2sigma": 20,
  "properties_within_2sigma_pct": 100.0,
  "data_misfit_posterior": 0.4690794832049967,
  "data_misfit_prior": 1.5986260961790317,
  "data_fit_improvement_pct": 70.65733605086452
}