{
  "setup_spaces": 5.9604644775390625e-06,
  "create_operators": 0.00012183189392089844,
  "generate_data": 0.01926875114440918,
  "setup_prior": 0.00011348724365234375,
  "model_posterior_compute": 0.8461825847625732,
  "property_mapping": 0.026371240615844727,
  "property_covariance_extract": 0.5762121677398682,
  "inference_total": 1.4487910270690918,
  "total": 3.435211658477783
}