{
  "snr": 10.0,
  "noise_std": 0.10098413535602901,
  "model_rms_error": 0.1889055004155727,
  "model_relative_error": 0.30591249907870804,
  "property_mean_abs_error": 0.08310241494024051,
  "property_rms_error": 0.10514858781706586,
  "property_max_error": 0.24752550786795657,
  "properties_within_2sigma": 20,
  "properties_within_2sigma_pct": 100.0,
  "data_misfit_posterior": 0.4798273439000205,
  "data_misfit_prior": 1.5986260961790315,
  "data_fit_improvement_pct": 69.98501744423642
}