{
  "snr": 10.0,
  "noise_std": 0.10098413535602901,
  "model_rms_error": 0.4328148981879923,
  "model_relative_error": 0.7008979984802519,
  "property_mean_abs_error": 0.20500320297721347,
  "property_rms_error": 0.3187859661915003,
  "property_max_error": 0.8828947774881954,
  "properties_within_2sigma": 20,
  "properties_within_2sigma_pct": 100.0,
  "data_misfit_posterior": 0.38057609330563513,
  "data_misfit_prior": 1.5986260961790317,
  "data_fit_improvement_pct": 76.19355181206713
}