{
  "snr": 10.0,
  "noise_std": 0.013476049015374025,
  "model_rms_error": 0.43412820402479096,
  "model_relative_error": 0.7030247585253852,
  "property_mean_abs_error": 0.30268315762529424,
  "property_rms_error": 0.4238811168579235,
  "property_max_error": 0.9829295303426039,
  "properties_within_2sigma": 20,
  "properties_within_2sigma_pct": 100.0,
  "data_misfit_posterior": 0.01298737346784636,
  "data_misfit_prior": 0.7305468177387624,
  "data_fit_improvement_pct": 98.22223940307539
}