{
  "snr": 10.0,
  "noise_std": 0.04996236800612683,
  "model_rms_error": 0.16544970808678353,
  "model_relative_error": 0.2679283216281526,
  "property_mean_abs_error": 0.09225191012787963,
  "property_rms_error": 0.11528274936964361,
  "property_max_error": 0.2575104119561019,
  "properties_within_2sigma": 20,
  "properties_within_2sigma_pct": 100.0,
  "data_misfit_posterior": 0.1251247478677142,
  "data_misfit_prior": 1.0708732632572224,
  "data_fit_improvement_pct": 88.31563433686556
}