{
  "setup_spaces": 3.5762786865234375e-05,
  "create_operators": 0.0004429817199707031,
  "generate_data": 0.018767595291137695,
  "setup_prior": 0.001986265182495117,
  "model_posterior_compute": 1.7791728973388672,
  "property_mapping": 0.0573122501373291,
  "property_covariance_extract": 4.444263935089111,
  "inference_total": 6.280796527862549,
  "total": 11.25095820426941
}