{
  "snr": 10.0,
  "noise_std": 0.10098413535602901,
  "model_rms_error": 0.6782928225451276,
  "model_relative_error": 1.098423560962787,
  "property_mean_abs_error": 0.26715523689847254,
  "property_rms_error": 0.3628572272487658,
  "property_max_error": 0.9667949867092873,
  "properties_within_2sigma": 20,
  "properties_within_2sigma_pct": 100.0,
  "data_misfit_posterior": 0.28922761544889725,
  "data_misfit_prior": 1.5986260961790317,
  "data_fit_improvement_pct": 81.90773839234848
}