{
  "snr": 10.0,
  "noise_std": 0.10098413535602901,
  "model_rms_error": 0.9099335171386531,
  "model_relative_error": 1.473541191818133,
  "property_mean_abs_error": 0.28010434049355043,
  "property_rms_error": 0.37222659889841336,
  "property_max_error": 0.971518250117442,
  "properties_within_2sigma": 20,
  "properties_within_2sigma_pct": 100.0,
  "data_misfit_posterior": 0.24250219069614978,
  "data_misfit_prior": 1.5986260961790317,
  "data_fit_improvement_pct": 84.83058726016245
}