{
  "snr": 10.0,
  "noise_std": 0.10098413535602901,
  "model_rms_error": 0.1764776358813676,
  "model_relative_error": 0.2857868855338051,
  "property_mean_abs_error": 0.08679933808368406,
  "property_rms_error": 0.10953437442506868,
  "property_max_error": 0.2211794694548801,
  "properties_within_2sigma": 19,
  "properties_within_2sigma_pct": 95.0,
  "data_misfit_posterior": 0.6445389254019394,
  "data_misfit_prior": 1.789144078553499,
  "data_fit_improvement_pct": 63.975012793657115
}