{
  "snr": 10.0,
  "noise_std": 0.10098413535602901,
  "model_rms_error": 0.18172417770370117,
  "model_relative_error": 0.29428310569076305,
  "property_mean_abs_error": 0.07954757726586324,
  "property_rms_error": 0.10086378343268017,
  "property_max_error": 0.23139415533449037,
  "properties_within_2sigma": 20,
  "properties_within_2sigma_pct": 100.0,
  "data_misfit_posterior": 0.47139688939323965,
  "data_misfit_prior": 1.5986260961790315,
  "data_fit_improvement_pct": 70.51237368638279
}