{
  "setup_spaces": 4.863739013671875e-05,
  "create_operators": 0.0002923011779785156,
  "generate_data": 0.04065680503845215,
  "setup_prior": 0.001344442367553711,
  "model_posterior_compute": 6.632277727127075,
  "property_mapping": 0.08500218391418457,
  "property_covariance_extract": 15.280394077301025,
  "inference_total": 21.99771475791931,
  "total": 26.615354776382446
}