{
  "setup_spaces": 5.173683166503906e-05,
  "create_operators": 0.0003123283386230469,
  "generate_data": 0.08700346946716309,
  "setup_prior": 0.001016378402709961,
  "model_posterior_compute": 12.585702657699585,
  "property_mapping": 0.05749845504760742,
  "property_covariance_extract": 20.1015625,
  "inference_total": 32.744802951812744,
  "total": 37.610657930374146
}