n_points,total_time,time_forward,time_target,time_data,time_gram,time_solve,time_sola,time_inference,memory_delta,memory_ops_delta,integration_error_mean,integration_error_max,integration_error_rms
100,0.9810085296630859,0.0002796649932861328,7.62939453125e-06,0.024656057357788086,4.76837158203125e-06,0.8848776817321777,5.0067901611328125e-06,0.07108211517333984,0.109375,0.0,0.0011577338535593527,0.004669511525053016,0.0017075189949201253
200,0.9651365280151367,0.00020933151245117188,5.4836273193359375e-06,0.01474308967590332,3.337860107421875e-06,0.8682694435119629,5.245208740234375e-06,0.08185577392578125,0.0,0.0,0.0003229040563613936,0.001260383861895198,0.000484897722574381
500,1.0881962776184082,0.00023603439331054688,7.152557373046875e-06,0.016355514526367188,3.0994415283203125e-06,0.9688849449157715,5.0067901611328125e-06,0.10264277458190918,0.00390625,0.0,5.370831735230022e-05,0.00020905632418977138,8.056648417482895e-05
1000,1.3323142528533936,0.00019502639770507812,5.7220458984375e-06,0.01862192153930664,3.0994415283203125e-06,1.1720831394195557,5.7220458984375e-06,0.14136505126953125,0.0,0.0,1.3459475596638153e-05,5.235947502013616e-05,2.018794568583683e-05
2000,1.776353120803833,0.00019598007202148438,5.7220458984375e-06,0.022857666015625,3.337860107421875e-06,1.5436527729034424,5.4836273193359375e-06,0.2095954418182373,0.0,0.0,3.3414772163002648e-06,1.299697929046939e-05,5.011757726822218e-06
5000,3.0448620319366455,0.0001952648162841797,5.9604644775390625e-06,0.03606677055358887,3.5762786865234375e-06,2.596217632293701,5.0067901611328125e-06,0.41233015060424805,0.0,0.0,5.062077812777177e-07,1.968861855106141e-06,7.592364394473041e-07
10000,5.238102674484253,0.00020575523376464844,5.7220458984375e-06,0.05926513671875,3.337860107421875e-06,4.419472932815552,5.7220458984375e-06,0.7591047286987305,0.0,0.0,1.0122872800069627e-07,3.937210660831525e-07,1.5182805919587246e-07
