n_points,total_time,time_forward,time_target,time_data,time_gram,time_solve,time_sola,time_inference,memory_delta,memory_ops_delta,integration_error_mean,integration_error_max,integration_error_rms
100,0.4302952289581299,0.0001385211944580078,5.4836273193359375e-06,0.008488178253173828,2.86102294921875e-06,0.38712596893310547,4.5299530029296875e-06,0.0344998836517334,0.0546875,0.0,0.0011577338535141868,0.004669511525576375,0.00170751899506585
200,0.4613070487976074,0.000118255615234375,4.291534423828125e-06,0.0070226192474365234,2.1457672119140625e-06,0.4129831790924072,4.76837158203125e-06,0.0410161018371582,0.0,0.0,0.0003229040565003741,0.001260383862044967,0.0004848977226661019
500,0.5356342792510986,0.00011730194091796875,4.76837158203125e-06,0.007862329483032227,2.1457672119140625e-06,0.4737529754638672,3.814697265625e-06,0.05386948585510254,0.00390625,0.0,5.37083174187436e-05,0.000209056324556256,8.05664843317112e-05
1000,0.6852893829345703,0.00011372566223144531,4.0531158447265625e-06,0.009324312210083008,2.1457672119140625e-06,0.598031759262085,5.245208740234375e-06,0.07778716087341309,0.0,0.0,1.345947569499073e-05,5.235947550863429e-05,2.0187945947003123e-05
2000,0.9531652927398682,0.00012421607971191406,5.0067901611328125e-06,0.012389421463012695,2.86102294921875e-06,0.8191802501678467,5.7220458984375e-06,0.12143707275390625,0.0,0.0,3.3414774212592313e-06,1.299697939216582e-05,5.011757815592273e-06
5000,1.7537915706634521,0.00012302398681640625,4.5299530029296875e-06,0.019684553146362305,2.384185791015625e-06,1.4838159084320068,5.4836273193359375e-06,0.25013184547424316,0.00390625,0.0,5.062076388534509e-07,1.9688621784030857e-06,7.592365178790803e-07
10000,3.1215553283691406,0.0001251697540283203,5.7220458984375e-06,0.033011436462402344,2.384185791015625e-06,2.622464656829834,5.7220458984375e-06,0.46590352058410645,0.0,0.0,1.0122899794795526e-07,3.937211706661614e-07,1.5182823805134578e-07
