{
  "snr": 10.0,
  "noise_std": 0.10098413535602901,
  "model_rms_error": 0.6879342552184525,
  "model_relative_error": 1.1140368425099494,
  "property_mean_abs_error": 0.27717771427223326,
  "property_rms_error": 0.3801310713928612,
  "property_max_error": 1.0149592267206737,
  "properties_within_2sigma": 20,
  "properties_within_2sigma_pct": 100.0,
  "data_misfit_posterior": 0.2887411066537461,
  "data_misfit_prior": 1.5986260961790317,
  "data_fit_improvement_pct": 81.93817132449652
}