{
  "setup_spaces": 5.4836273193359375e-06,
  "create_operators": 0.00010848045349121094,
  "generate_data": 0.020266056060791016,
  "setup_prior": 0.0001983642578125,
  "model_posterior_compute": 3.0868401527404785,
  "property_mapping": 0.05124640464782715,
  "property_covariance_extract": 2.731175661087036,
  "inference_total": 5.869287729263306,
  "total": 8.366229772567749
}