{
  "snr": 10.0,
  "noise_std": 0.10098413535602901,
  "model_rms_error": 0.18172520221201696,
  "model_relative_error": 0.29428476477373583,
  "property_mean_abs_error": 0.07954784001384368,
  "property_rms_error": 0.10086387301191578,
  "property_max_error": 0.2313941304528302,
  "properties_within_2sigma": 20,
  "properties_within_2sigma_pct": 100.0,
  "data_misfit_posterior": 0.47139953809113694,
  "data_misfit_prior": 1.5986260961790317,
  "data_fit_improvement_pct": 70.51220800049141
}