{
  "setup_spaces": 3.4332275390625e-05,
  "create_operators": 0.00030159950256347656,
  "generate_data": 0.08102917671203613,
  "setup_prior": 0.0009214878082275391,
  "model_posterior_compute": 12.232119083404541,
  "property_mapping": 0.05735206604003906,
  "property_covariance_extract": 19.561849117279053,
  "inference_total": 31.85135531425476,
  "total": 36.549485206604004
}