{
  "snr": 10.0,
  "noise_std": 0.04996236800612683,
  "model_rms_error": 0.27449683525486385,
  "model_relative_error": 0.4445186226832041,
  "property_mean_abs_error": 0.19953891459516576,
  "property_rms_error": 0.25386179256285857,
  "property_max_error": 0.5133675921851608,
  "properties_within_2sigma": 20,
  "properties_within_2sigma_pct": 100.0,
  "data_misfit_posterior": 0.11343085289807411,
  "data_misfit_prior": 0.9162741985162441,
  "data_fit_improvement_pct": 87.62042485952821
}