{
  "snr": 10.0,
  "noise_std": 0.10098413535602901,
  "model_rms_error": 0.18182912895658904,
  "model_relative_error": 0.2944530631561716,
  "property_mean_abs_error": 0.08681021486005783,
  "property_rms_error": 0.10990766586024456,
  "property_max_error": 0.2234282873965694,
  "properties_within_2sigma": 19,
  "properties_within_2sigma_pct": 95.0,
  "data_misfit_posterior": 0.642982366002969,
  "data_misfit_prior": 1.789144078553499,
  "data_fit_improvement_pct": 64.06201302005748
}