{
  "snr": 10.0,
  "noise_std": 0.04996236800612683,
  "model_rms_error": 0.16572715894632187,
  "model_relative_error": 0.26837762398105497,
  "property_mean_abs_error": 0.0927237350146222,
  "property_rms_error": 0.11639289114993884,
  "property_max_error": 0.26055728495541963,
  "properties_within_2sigma": 20,
  "properties_within_2sigma_pct": 100.0,
  "data_misfit_posterior": 0.12602780260626747,
  "data_misfit_prior": 1.0708732632572224,
  "data_fit_improvement_pct": 88.23130552135228
}