{
  "snr": 10.0,
  "noise_std": 0.04996236800612683,
  "model_rms_error": 0.27318607400738876,
  "model_relative_error": 0.4423959833316313,
  "property_mean_abs_error": 0.2011607758766009,
  "property_rms_error": 0.2558765634660345,
  "property_max_error": 0.5135882789497868,
  "properties_within_2sigma": 20,
  "properties_within_2sigma_pct": 100.0,
  "data_misfit_posterior": 0.11458726864024907,
  "data_misfit_prior": 0.9162741985162441,
  "data_fit_improvement_pct": 87.49421637913582
}