{
  "setup_spaces": 8.344650268554688e-06,
  "create_operators": 0.00012063980102539062,
  "generate_data": 0.007093667984008789,
  "setup_prior": 0.0002295970916748047,
  "model_posterior_compute": 1.1841514110565186,
  "property_mapping": 0.04863905906677246,
  "property_covariance_extract": 1.3699369430541992,
  "inference_total": 2.602757692337036,
  "total": 4.813325881958008
}