{
  "setup_spaces": 3.2901763916015625e-05,
  "create_operators": 0.0002655982971191406,
  "generate_data": 0.040236473083496094,
  "setup_prior": 0.0010213851928710938,
  "model_posterior_compute": 4.549460411071777,
  "property_mapping": 0.05797839164733887,
  "property_covariance_extract": 10.170405387878418,
  "inference_total": 14.777887344360352,
  "total": 19.0025634765625
}