{
  "snr": 10.0,
  "noise_std": 0.10098413535602901,
  "model_rms_error": 0.17571179344683852,
  "model_relative_error": 0.2845466846263041,
  "property_mean_abs_error": 0.08445564869365775,
  "property_rms_error": 0.10613485045449172,
  "property_max_error": 0.21550175921167103,
  "properties_within_2sigma": 20,
  "properties_within_2sigma_pct": 100.0,
  "data_misfit_posterior": 0.6416092712136151,
  "data_misfit_prior": 1.789144078553499,
  "data_fit_improvement_pct": 64.138758923633
}