{
  "snr": 10.0,
  "noise_std": 0.10098413535602901,
  "model_rms_error": 0.18172395082084214,
  "model_relative_error": 0.29428273827794416,
  "property_mean_abs_error": 0.07954751959340654,
  "property_rms_error": 0.100863764603611,
  "property_max_error": 0.23139415571271904,
  "properties_within_2sigma": 20,
  "properties_within_2sigma_pct": 100.0,
  "data_misfit_posterior": 0.47139634394223995,
  "data_misfit_prior": 1.5986260961790317,
  "data_fit_improvement_pct": 70.51240780636876
}