{
  "snr": 10.0,
  "noise_std": 0.10098413535602901,
  "model_rms_error": 0.18205024777456644,
  "model_relative_error": 0.2948111417195379,
  "property_mean_abs_error": 0.0857481258291687,
  "property_rms_error": 0.10911674613086067,
  "property_max_error": 0.22117950106053952,
  "properties_within_2sigma": 19,
  "properties_within_2sigma_pct": 95.0,
  "data_misfit_posterior": 0.645631162661242,
  "data_misfit_prior": 1.789144078553499,
  "data_fit_improvement_pct": 63.91396476111488
}