{
  "setup_spaces": 1.0013580322265625e-05,
  "create_operators": 0.00010800361633300781,
  "generate_data": 0.019150495529174805,
  "setup_prior": 0.00015616416931152344,
  "model_posterior_compute": 1.049330472946167,
  "property_mapping": 0.028161048889160156,
  "property_covariance_extract": 0.6348953247070312,
  "inference_total": 1.7124156951904297,
  "total": 3.7680256366729736
}