{
  "snr": 10.0,
  "noise_std": 0.10098413535602901,
  "model_rms_error": 0.18172417770370114,
  "model_relative_error": 0.294283105690763,
  "property_mean_abs_error": 0.07954757726586285,
  "property_rms_error": 0.10086378343268,
  "property_max_error": 0.23139415533449026,
  "properties_within_2sigma": 20,
  "properties_within_2sigma_pct": 100.0,
  "data_misfit_posterior": 0.4713968893932396,
  "data_misfit_prior": 1.5986260961790317,
  "data_fit_improvement_pct": 70.5123736863828
}