{
  "snr": 10.0,
  "noise_std": 0.10098413535602901,
  "model_rms_error": 0.9075991580820629,
  "model_relative_error": 1.4697609439631072,
  "property_mean_abs_error": 0.2733132861253303,
  "property_rms_error": 0.3628370011808786,
  "property_max_error": 0.9420606589314331,
  "properties_within_2sigma": 20,
  "properties_within_2sigma_pct": 100.0,
  "data_misfit_posterior": 0.2426451110527385,
  "data_misfit_prior": 1.5986260961790317,
  "data_fit_improvement_pct": 84.82164706101705
}