{
  "snr": 10.0,
  "noise_std": 0.10098413535602901,
  "model_rms_error": 0.20497441471925423,
  "model_relative_error": 0.33193440802951585,
  "property_mean_abs_error": 0.09881332590949407,
  "property_rms_error": 0.13767491468573748,
  "property_max_error": 0.34671835614600366,
  "properties_within_2sigma": 20,
  "properties_within_2sigma_pct": 100.0,
  "data_misfit_posterior": 0.4886393354635502,
  "data_misfit_prior": 1.5986260961790317,
  "data_fit_improvement_pct": 69.43379464206951
}