{
  "snr": 10.0,
  "noise_std": 0.10098413535602901,
  "model_rms_error": 0.6085600247027447,
  "model_relative_error": 0.9854986624882314,
  "property_mean_abs_error": 0.20522015168585866,
  "property_rms_error": 0.2574835514100216,
  "property_max_error": 0.627188370976034,
  "properties_within_2sigma": 20,
  "properties_within_2sigma_pct": 100.0,
  "data_misfit_posterior": 0.2972883473395872,
  "data_misfit_prior": 1.5986260961790317,
  "data_fit_improvement_pct": 81.40350967307782
}